{
  "mumbai": [19.0760, 72.8777],
  "delhi": [28.6139, 77.2090],
  "bengaluru": [12.9716, 77.5946],
  "chennai": [13.0827, 80.2707],
  "kolkata": [22.5726, 88.3639],
  "new york": [40.7128, -74.0060],
  "los angeles": [34.0522, -118.2437],
  "london": [51.5074, -0.1278],
  "paris": [48.8566, 2.3522],
  "tokyo": [35.6895, 139.6917],
  "sydney": [-33.8688, 151.2093],
  "dubai": [25.276987, 55.296249],
  "singapore": [1.3521, 103.8198],
  "hong kong": [22.3193, 114.1694],
  "berlin": [52.5200, 13.4050],
  "rome": [41.9028, 12.4964],
  "barcelona": [41.3851, 2.1734],
  "istanbul": [41.0082, 28.9784],
  "amsterdam": [52.3676, 4.9041],
  "bangkok": [13.7563, 100.5018],
  "seoul": [37.5665, 126.9780],
  "vienna": [48.2082, 16.3738],
  "prague": [50.0755, 14.4378],
  "moscow": [55.7558, 37.6173],
  "beijing": [39.9042, 116.4074],
  "shanghai": [31.2304, 121.4737],
  "san francisco": [37.7749, -122.4194],
  "miami": [25.7617, -80.1918],
  "chicago": [41.8781, -87.6298],
  "toronto": [43.6511, -79.3470],
  "vancouver": [49.2827, -123.1207],
  "mexico city": [19.4326, -99.1332],
  "são paulo": [-23.5505, -46.6333],
  "buenos aires": [-34.6037, -58.3816],
  "cairo": [30.0444, 31.2357],
  "cape town": [-33.9249, 18.4241],
  "johannesburg": [-26.2041, 28.0473],
  "nairobi": [-1.2921, 36.8219],
  "lagos": [6.5244, 3.3792],
  "manila": [14.5995, 120.9842],
  "jakarta": [-6.2088, 106.8456],
  "kuala lumpur": [3.1390, 101.6869],
  "athens": [37.9838, 23.7275],
  "lisbon": [38.7169, -9.1399],
  "helsinki": [60.1695, 24.9354],
  "oslo": [59.9139, 10.7522],
  "stockholm": [59.3293, 18.0686],
  "copenhagen": [55.6761, 12.5683],
  "brussels": [50.8503, 4.3517],
  "zurich": [47.3769, 8.5417],
  "warsaw": [52.2297, 21.0122],
  "budapest": [47.4979, 19.0402],
  "munich": [48.1351, 11.5820],
  "frankfurt": [50.1109, 8.6821],
  "rio de janeiro": [-22.9068, -43.1729],
  "washington dc": [38.9072, -77.0369],
  "boston": [42.3601, -71.0589],
  "seattle": [47.6062, -122.3321],
  "houston": [29.7604, -95.3698],
  "atlanta": [33.7490, -84.3880],
  "phuket": [7.8804, 98.3923],
  "edinburgh": [55.9533, -3.1883],
  "dublin": [53.3498, -6.2603],
  "auckland": [-36.8485, 174.7633],
  "melbourne": [-37.8136, 144.9631],
  "brisbane": [-27.4698, 153.0251],
  "perth": [-31.9505, 115.8605],
  "doha": [25.276987, 51.5200],
  "riyadh": [24.7136, 46.6753],
  "tel aviv": [32.0853, 34.7818],
  "jerusalem": [31.7683, 35.2137],
  "hanoi": [21.0278, 105.8342],
  "ho chi minh city": [10.7769, 106.7009],
  "casablanca": [33.5731, -7.5898],
  "lahore": [31.5204, 74.3587],
  "karachi": [24.8607, 67.0011],
  "islamabad": [33.6844, 73.0479],
  "colombo": [6.9271, 79.8612],
  "male": [4.1755, 73.5093],
  "kathmandu": [27.7172, 85.3240],
  "yangon": [16.8409, 96.1735],
  "taipei": [25.0329, 121.5654],
  "delhi ncr": [28.4595, 77.0266],
  "goa": [15.2993, 74.1240],
  "agra": [27.1767, 78.0081],
  "varanasi": [25.3176, 82.9739],
  "udaipur": [24.5854, 73.7125],
  "leh": [34.1526, 77.5770],
  "shimla": [31.1048, 77.1734],
  "darjeeling": [27.0360, 88.2627],
  "gangtok": [27.3389, 88.6065],
  "srinagar": [34.0837, 74.7973],
  "pune": [18.5204, 73.8567],
  "jaipur": [26.9124, 75.7873],
  "ahmedabad": [23.0225, 72.5714]
}
